title,company,location,salary_min,salary_max,job_type,work_type,description,province,source
Strategic Core Account Executive CPG Databricks,Databricks,Ohio,0,0,FULLTIME,Remote,"Strategic Core Account Executive - CPG, Remote - Ohio. Join us! Together we can use data to solve the challenges of tomorrow.<br/><br/>Please mention the word **SIMPLIFIED** and tag RMjYwNzpmZWE4Ojg3MWU6OTYwMDo2NTJjOjIzZDk6MzQ5MjplNGY2 when applying to show you read the job post completely (#RMjYwNzpmZWE4Ojg3MWU6OTYwMDo2NTJjOjIzZDk6MzQ5MjplNGY2). This is a beta feature to avoid spam applicants. Companies can search these words to find applicants that read this and see they're human.",Remote/Worldwide,RemoteOK
Junior Crypto Analyst & Trader,WhiteBridge-Ltd,,70000,90000,FULLTIME,Remote,"<div class=""vacancy-intro""><div class=""vacancy-intro""><p>WhiteBridge-Ltd is a young and rapidly developing company working in the field of digital markets and analytics. We bring together enterprising people who want to master modern approaches to trading, analysis and decision-making in a dynamic market environment.</p><p>We are currently looking for aÂ <strong>Junior Crypto Analyst &amp; Trader</strong>, a novice specialist who is ready to complete training, perform real trading operations and develop under the guidance of experienced mentors.</p></div><div class=""vacancy-block""><h3>Your Responsibilities</h3><ul><li>Execution and support of trading operations on digital markets.</li><li>Tracking asset dynamics and market trends.</li><li>Maintaining internal records on transactions and statistics.</li><li>Analyzing market data, news, and charts for decision-making.</li><li>Work with analytical tools and participate in discussions with a team of traders.</li><li>The gradual formation and improvement of your own trading strategy.</li></ul></div><div class=""vacancy-block""><h3>What We Offer</h3><ul><li>Working for a young and growing international company.</li><li>Remote format â you can work from anywhere in the world.</li><li>Flexible schedule â up to 20 hours per week, convenient to combine with study or main activity.</li><li>Learning from scratch â all processes and trading tools are mastered with a mentor.</li><li>The opportunity for professional growth and transition to more advanced levels.</li></ul></div><div class=""vacancy-block""><h3>Ideal Candidate Profile</h3><ul><li>Genuine interest in crypto markets, blockchain technology, or financial trading â curiosity is more important than prior experience.</li><li>Readiness to learn quickly, adapt, and develop new skills from zero.</li><li>Careful, accurate and attentive to detail â especially when handling real market operations.</li><li>Able to work independently, manage time effectively, and stay organized in a remote role.</li><li>Responsible, reliable, and committed to following through on tasks.</li><li>Motivated to improve and grow within the company.</li><li>English level B2 or above â required to understand analytics, educational materials, tools, and international news.</li></ul></div></div><br/><br/>Please mention the word **ELAN** and tag RMjYwNzpmZWE4Ojg3MWU6OTYwMDo2NTJjOjIzZDk6MzQ5MjplNGY2 when applying to show you read the job post completely (#RMjYwNzpmZWE4Ojg3MWU6OTYwMDo2NTJjOjIzZDk6MzQ5MjplNGY2). This is a beta feature to avoid spam applicants. Companies can search these words to find applicants that read this and see they're human.",Remote/Worldwide,RemoteOK
Associate Payroll & Billing Specialist,G-P,India,0,0,FULLTIME,Remote,"<p style=""line-height: 1.5;""><strong><span style=""font-family: arial, helvetica, sans-serif; font-size: 12pt; color: rgb(40, 40, 40);"">About Us</span></strong></p>
<p style=""line-height: 1.5;""><span style=""font-family: arial, helvetica, sans-serif; color: rgb(40, 40, 40); font-size: 12pt;"">Our leading SaaS-based Global Employment Platformâ¢ enables clients to expand into over 180 countries quickly and efficiently, without the complexities of establishing local entities. At G-P, we're dedicated to breaking down barriers to global business and creating opportunities for everyone, everywhere.</span></p>
<p style=""line-height: 1.5;""><span style=""font-family: arial, helvetica, sans-serif; color: rgb(40, 40, 40); font-size: 12pt;"">Our diverse, remote-first teams are essential to our success. We empower our Dream Team members with flexibility and resources, fostering an environment where innovation thrives and every contribution is valued and celebrated.</span></p>
<p style=""line-height: 1.5;""><span style=""font-family: arial, helvetica, sans-serif; color: rgb(40, 40, 40); font-size: 12pt;"">The work you do here will positively impact lives around the world. We stand by our promise: Opportunity Made Possible. In addition to competitive compensation and benefits, we invite you to join us in expanding your skills and helping to reshape the future of work.</span></p>
<p style=""line-height: 1.5;""><span style=""font-family: arial, helvetica, sans-serif; color: rgb(40, 40, 40); font-size: 12pt;"">At G-P, we assist organizations in building exceptional global teams in days, not monthsâstreamlining the hiring, onboarding, and management process to unlock growth potential for all.</span></p><p></p>
<p data-pm-slice=""1 3 []"">As an&nbsp;<strong>Associate Payroll &amp; Billing Specialist</strong>, you will be assisting the billing team in the processing and invoicing of payroll &amp; expenses for our clients as we on-board<br/><br/>Please mention the word **LUXURIOUSLY** and tag RMjYwNzpmZWE4Ojg3MWU6OTYwMDo2NTJjOjIzZDk6MzQ5MjplNGY2 when applying to show you read the job post completely (#RMjYwNzpmZWE4Ojg3MWU6OTYwMDo2NTJjOjIzZDk6MzQ5MjplNGY2). This is a beta feature to avoid spam applicants. Companies can search these words to find applicants that read this and see they're human.",Remote/Worldwide,RemoteOK
Payments &amp; Billing Operations Analyst,Automatiq,Remote,0,0,FULLTIME,Remote,"<p>The Payments &amp; Billing Operations Analyst plays a key role in managing billing operations, collections, supporting payments processes, and mitigating payment-related discrepancies all while maintaining excellent customer service and compliance with operational standards. The role is a part of the finance team, reporting to the Billing and Collections Manager and involves collaboration with multiple teams to help make system improvements.</p>\n<p></p><p><br></p><b>Responsibilities </b><div>
<p><strong>Billing &amp; Collections:</strong></p>
<ul>
<li>
<p>Manage day-to-day invoicing, payment tracking, payments adjustments, and review processes.</p>
</li>
<li>
<p>Perform audits to ensure the accuracy and timeliness of payments; address discrepancies promptly.</p>
</li>
<li>
<p>Support management to streamline billing and collection processes and improve efficiency, leveraging automation where applicable.</p>
</li>
<li>
<p>Maintain collections systems, including notifications for late payments and tracking mechanisms.</p>
</li>
</ul>
<div>
<p><strong>Customer Support:</strong></p>
<ul>
<li>
<p>Serve as the primary contact for customer inquiries related to billing, payments, adjustments, penalties, and discrepancies.</p>
</li>
<li>
<p>Maintain service level agreements (SLA) for response and resolution times.</p>
</li>
<li>
<p>Escalate complex issues requiring higher-level intervention.</p>
</li>
<li>
<p>Monitor and document trends in customer inquiries to proactively identify and resolve systemic issues.</p>
</li>
<li>
<p>Conduct weekly follow-ups with marketplaces regarding outstanding credits or unresolved cases.</p>
</li>
<li>
<p>Engage in regular correspondence with sellers regarding outstanding A/R</p>
</li>
</ul>
<div>
<p><strong>Team Collaboration &amp; Leadership:</strong></p>
<ul>
<li>
<p>Provide support to Billing and Collections Manager for daily invoicing, collection efforts, payments adjustments and audits.</p>
</li>
<li>
<p>Document processes and create standard operating procedures (SOPs) for internal training and operational efficiency.</p>
</li>
<li>
<p>Participate in weekly meetings and bi-weekly 1:1s with management to report progress and address challenges.</p>
</li>
<li>
<p>Coordinate with cross-functional teams, including Accounting, Support, and Loss Mitigation, to resolve escalations and improve processes.</p>
</li>
</ul>
</div>
</div>
</div><p><br></p><b>Core Qualifications </b><div>
<ul>
<li>
<p>2-3&nbsp; years of experience in customer-facing roles, billing, collection, or payment-related functions.</p>
</li>
<li>
<p>Excellent problem-solving and high-level analytical skills.</p>
</li>
<li>
<p>Ability to multitask and adapt to dynamic team needs.</p>
</li>
<li>
<p>Strong organizational skills with a high level of attention to detail.</p>
</li>
<li>
<p>Proficiency with tools such as Google Workspace (Docs, Sheets, Drive), Jira, monday.com, Intercom, Excel, and other tracking systems.</p>
</li>
<li>
<p>Strong communication skills, maintaining professionalism and respect in all interactions.</p>
</li>
<li>
<p>Self-motivated and capable of working independently and collaboratively.</p>
</li>
</ul>
<ul>
<li>
<p>Experience in the entertainment or ticketing industry preferred.</p>
</li>
<li>
<p>Familiarity with systems like Hyperwallet, Bill.com, and Salesforce preferred.</p>
</li>
<li>
<p>Background in operational or technical workflows preferred.</p>
</li>
</ul>
</div><p><br></p><p></p>\n<div>$50,000 - $60,000 a year</div><small><div>
<p><span style=""color: #000000;"">This role is also eligible for an annual discretionary bonus. </span></p>
<p><span style=""color: #000000;"">Please refer to our Careers page to learn more about some of the benefits we offer.</span></p>
</div></small>\n<p>
</p><p>
</p><p><strong style=""font-size: 18px;"">About Us</strong></p>
<p>&nbsp;</p>
<p>Automatiq is the leading all-in-one software platform in the live event ticketing world, serving resellers of all sizes. Our technology suite streamlines the entire ticket resale process, from effortlessly listing tickets on multiple exchanges to dynamically adjusting prices based on market shifts, and even ensuring tickets reach event-goers promptly.&nbsp;</p>
<p>&nbsp;</p>
<p>We are data-driven and customer-obsessed as we work to solve interesting and complicated challenges in a fast-growing global market. We are equally relentless in maximizing our teamâs career goals and aspirations by building a company of people who share the same drive and passion. If you are looking for a culture based on great people, technical excellence, and continued growth â where your contributions and ideas really do make a difference â come join us at Automatiq!</p>
<p>&nbsp;</p>
<p>Automatiq is an equal opportunity employer. We celebrate diversity and are committed to creating an inclusive environment for all employees.</p>
<p>&nbsp;</p>
<p><strong>Fair Chance Notice for California Applicants</strong></p>
<p>&nbsp;</p>
<p>Automatiq considers qualified applicants with arrest or conviction records. Criminal history disclosure or background checks occur only after a conditional job offer.&nbsp;A criminal history may have a direct, adverse, and negative relationship with the following duties of the role:</p>
<p>&nbsp;</p>
<p>âAccess to transaction data, privileged information, proprietary information, etc.</p>
<p>âInteractions with customers, employees, vendors, agents, and third parties.</p>
<p>&nbsp;</p>
<p>Such a history may potentially result in the withdrawal of a conditional offer of employment. If a conviction directly related to the job raises concerns, candidates will have the opportunity to explain circumstances surrounding the conviction, provide mitigating evidence, or dispute the background report.</p>
<p></p>
<p></p><br/><br/>Please mention the word **GENIUS** and tag RMjYwNzpmZWE4Ojg3MWU6OTYwMDo2NTJjOjIzZDk6MzQ5MjplNGY2 when applying to show you read the job post completely (#RMjYwNzpmZWE4Ojg3MWU6OTYwMDo2NTJjOjIzZDk6MzQ5MjplNGY2). This is a beta feature to avoid spam applicants. Companies can search these words to find applicants that read this and see they're human.",Remote/Worldwide,RemoteOK
Biology AI Training Expert,Anyone AI,Amsterdam ,0,40,FULLTIME,Remote,"<ul style=""min-height:1.5em""><li><p style=""min-height:1.5em""><strong>Location: </strong>Remote</p></li><li><p style=""min-height:1.5em""><strong>Type: </strong>Contract / Part-time</p></li><li><p style=""min-height:1.5em""><strong>Commitment: </strong>20 hours per week</p></li><li><p style=""min-height:1.5em""><strong>Compensation:</strong> Up to 40 USD / hr</p></li><li><p style=""min-height:1.5em""><strong>Project duration:</strong> <strong>2 months</strong>, with potential extension</p></li><li><p style=""min-height:1.5em""><strong>Availability: </strong>Immediate start</p></li></ul><p style=""min-height:1.5em""></p><h2><strong>About the role</strong></h2><p style=""min-height:1.5em"">We create high-quality STEM training data for frontier AI models used by leading AI labs to improve model reasoning in scientific domains.</p><p style=""min-height:1.5em"">We are seeking experts in Biology to create challenging, deterministic problems with exactly one verifiable correct answer. Problems should reflect authentic scientific and analytical workflows and be submitted with complete, verified solutions.</p><p style=""min-height:1.5em"">Depending on specialization, work may include molecular biology, genetics, systems biology, computational biology, bioinformatics, or adjacent quantitative biology fields.</p><p style=""min-height:1.5em""></p><h2><strong>What youâll do</strong></h2><ul style=""min-height:1.5em""><li><p style=""min-height:1.5em"">Design advanced biology problems that challenge frontier AI systems</p></li><li><p style=""min-height:1.5em"">Create deterministic tasks with one correct answer</p></li><li><p style=""min-height:1.5em"">Submit complete, verified solutions</p></li><li><p style=""min-height:1.5em"">Build problems involving experimental reasoning, biological systems, computational analysis, or bioinformatics workflows</p></li><li><p style=""min-height:1.5em"">Use Python and, when relevant, specialized biology or bioinformatics tools</p></li><li><p style=""min-height:1.5em"">Ensure high standards of rigor, reproducibility, and technical clarity</p></li></ul><p style=""min-height:1.5em""></p><h2><strong>What weâre looking for</strong></h2><ul style=""min-height:1.5em""><li><p style=""min-height:1.5em"">Bachelor's, Masterâs or PhD in Biology or a related life sciences field</p></li><li><p style=""min-height:1.5em"">Research or industry experience involving computational or quantitative biological analysis</p></li><li><p style=""min-height:1.5em"">Strong Python skills; experience with data analysis or bioinformatics workflows preferred</p></li><li><p style=""min-height:1.5em"">Strong reasoning ability and comfort with multi-step scientific problem solving</p></li><li><p style=""min-height:1.5em"">Ability to create original, difficult problems grounded in real biological practice</p></li><li><p style=""min-height:1.5em"">Clear written English and strong attention to detail</p><p style=""min-height:1.5em""></p></li></ul><h2><strong>Nice to have</strong></h2><ul style=""min-height:1.5em""><li><p style=""min-height:1.5em"">Experience with bioinformatics toolkits, genomics workflows, structural biology tools, or computational biology methods</p></li><li><p style=""min-height:1.5em"">Experience designing technical assessments or scientific challenge problems</p></li><li><p style=""min-height:1.5em"">Cross-disciplinary experience spanning biology and computation</p></li></ul><br/><br/>Please mention the word **INFALLIBILITY** and tag RMjYwNzpmZWE4Ojg3MWU6OTYwMDo2NTJjOjIzZDk6MzQ5MjplNGY2 when applying to show you read the job post completely (#RMjYwNzpmZWE4Ojg3MWU6OTYwMDo2NTJjOjIzZDk6MzQ5MjplNGY2). This is a beta feature to avoid spam applicants. Companies can search these words to find applicants that read this and see they're human.",Remote/Worldwide,RemoteOK
Data Analyst,World Golf Tour (WGT),San Francisco,75000,125000,FULLTIME,Remote,"<p style=""min-height:1.5em""><strong>Role</strong></p><p style=""min-height:1.5em"">World Golf Tour is seeking a Data Analyst to join our Product team. In this critical role, you will be the custodian of our data, organizing insights, and analyzing telemetry to support strategic business decisions. You will focus on developing and maintaining dashboards and analysis reports, collaborating across the studio and closely with the Product team to provide actionable insights that help drive the business. This role emphasizes strong data stewardship, visualization and statistical analysis.</p><p style=""min-height:1.5em""></p><p style=""min-height:1.5em""><strong>Responsibilities</strong></p><p style=""min-height:1.5em"">Â· Clean, validate, and prepare datasets for analysis, including resolving issues regarding missing, inconsistent, or novel data</p><p style=""min-height:1.5em"">Â· Perform exploratory data analysis to identify trends, patterns, and anomalies that inform business decisions</p><p style=""min-height:1.5em"">Â· Develop and maintain dashboards, reports, and visualizations using tools such as Amplitude, Power BI, or Excel</p><p style=""min-height:1.5em"">Â· Translate analytical findings into clear, actionable insights for both technical and non-technical stakeholders</p><p style=""min-height:1.5em"">Â· Partner with business teams (e.g., marketing, product, finance) to understand data needs and deliver relevant analyses</p><p style=""min-height:1.5em"">Â· Support ad hoc analysis and deep dives to answer specific business questions or identify opportunities</p><p style=""min-height:1.5em"">Â· Ensure compliance with data governance, privacy, and security standards</p><p style=""min-height:1.5em""></p><p style=""min-height:1.5em""><strong>Experience and Skills</strong></p><p style=""min-height:1.5em"">Â· Bachelorâs degree in Data Analytics, Statistics, Mathematics, Computer Science, Economics, or a related quantitative field</p><p style=""min-height:1.5em"">Â· 2â4 years of experience in a data analyst or similar role, preferably in game or software development</p><p style=""min-height:1.5em"">Â· Strong proficiency in SQL for data querying and manipulation</p><p style=""min-height:1.5em"">Â· Experience with data analysis tools/languages such as Python or R</p><p style=""min-height:1.5em"">Â· Advanced proficiency in Excel (e.g., pivot tables, formulas, data modeling)</p><p style=""min-height:1.5em"">Â· Experience with data visualization tools (e.g., Tableau, Power BI)</p><p style=""min-height:1.5em"">Â· Strong proficiency in statistical methodologies and data analysis</p><p style=""min-height:1.5em"">Â· Strong problem-solving and critical thinking skills</p><p style=""min-height:1.5em"">Â· Excellent communication skills, with the ability to present complex data in a clear and concise manner</p><p style=""min-height:1.5em""></p><p style=""min-height:1.5em""><strong>Preferred Qualifications</strong></p><p style=""min-height:1.5em"">Â· Experience with data warehousing concepts and tools (e.g., Snowflake, Redshift, BigQuery)</p><p style=""min-height:1.5em"">Â· Familiarity with ETL processes and data pipeline development</p><p style=""min-height:1.5em"">Â· Knowledge of basic machine learning or predictive analytics techniques</p><p style=""min-height:1.5em"">Â· Experience working in game development</p><p style=""min-height:1.5em"">Â· Understanding of data governance and privacy regulations</p><p style=""min-height:1.5em"">Â· Experience in a fast-paced, cross-functional environment<br /></p><p style=""min-height:1.5em""><strong>About Us</strong></p><p style=""min-height:1.5em""><strong>World Golf Tour</strong> is a leader in online golf, delivering the most realistic and immersive virtual golf experience to players around the globe. We are best known for our core product <strong>WGT Golf</strong>, a free-to-play golf game that has set the standard for virtual golf since its launch in 2008. Renowned for its photorealistic recreations of iconic courses such as Pebble Beach, The Old Course at St Andrews, and Quail Hollow Club, the game combines authentic course imagery with precise swing mechanics and multiplayer competition to offer an experience trusted by millions.</p><br/><br/>Please mention the word **ENRAPTURE** and tag RMjYwNzpmZWE4Ojg3MWU6OTYwMDo2NTJjOjIzZDk6MzQ5MjplNGY2 when applying to show you read the job post completely (#RMjYwNzpmZWE4Ojg3MWU6OTYwMDo2NTJjOjIzZDk6MzQ5MjplNGY2). This is a beta feature to avoid spam applicants. Companies can search these words to find applicants that read this and see they're human.",Remote/Worldwide,RemoteOK
Bilingual Customer Success Manager,Acuity Insights,,0,0,FULLTIME,Remote,"<p>Customer success with purpose: protect retention, fuel growth, and drive real impact in higher education.</p><p>In this role, you'll own a portfolio of French-speaking partners in higher education, mostly health profession programs in medicine, nursing, and allied health. You'll guide them through their admissions cycle, protect and grow revenue, and build the kind of relationships where partners call you first and refer you to peers. That means helping partners get real value from our growing assessment suite, including Casper, our flagship situational judgment test that helps programs see the whole applicant beyond grades and GPAs, and Video Interviews, our newest tool that gives programs deeper, more authentic applicant insight at scale, as we expand what we offer and deepen how partners use it.</p><p>You'll be joining at a natural inflection point for the team. As we've grown, so has the complexity of what great Customer Success looks like at Acuity, and we're maturing the function to match. That means more structure, more proactive motion, and a sharper focus on value, risk, and expansion. Not just maintaining relationships, but understanding what's actually happening in an account and taking action to move things forward.</p><p>The work also has stakes beyond the product. The programs you support are making important decisions about who to admit and how to support students. That impact ripples outward in ways most CS roles don't.</p><p>This is a fully remote role open to candidates based anywhere in Canada.</p>What You'll Be Walking Into<p>Some things are already in place. You'll inherit a portfolio of established partner relationships, a product with real credibility in the market, and a team that cares deeply about the work and the people they serve.</p><p>Some things are still being built. Playbooks are maturing. Processes are being defined. The way we manage account health, structure renewals, and approach expansion is getting sharper, and you'll be part of making that happen.</p><p>That balance is intentional. This isn't a role where everything is figured out, and you're slotting into a fixed system. It's a role where your judgment, initiative, and ownership will shape how things work, not just for your portfolio, but for the team.</p><p>If you need a fully defined playbook before you can operate effectively, this will be a hard fit. If you're energized by building structure where it doesn't yet exist and seeing the results of that work, you'll find a lot of room to make an impact here.</p>What You'll Be Accountable ForProtecting and growing your book of business<p>You'll own a portfolio of partners in higher education with a focus on French-speaking programs, primarily in medicine, nursing, and allied health. Your accountability is to the outcomes of that portfolio: retention, health, and growth.</p><p>That means:</p><ul><li>Leading renewal conversations and ensuring partners continue to see value in the product year over year</li><li>Identifying expansion opportunities and guiding partners toward new tools that support their goals</li><li>Managing account health proactively, not just responding to problems, but sensing risk before it becomes churn</li></ul>Being a trusted partner, not just a point of contact<p>Supporting French-speaking programs isn't just about language. It's about understanding the culture, context, and pressures that shape how they work. You'll build the kind of relationships where partners call you first, refer you to peers, and feel genuinely understood.</p>Bringing the outside in<p>Your partners will tell you things that matter to the business, about the product, the market, what's working, and what isn't. You'll make sure that intelligence reaches Product, Sales, and Engineering in a form that's useful and actionable.</p>Contributing to how we build the function<p>We're evolving. You'll help shape playbooks, share what you're learning, and contribute to how Customer Success at Acuity gets better over time.</p>What Success Looks Like (6â12 Months In)<ul><li>You're fully ramped, with renewal readiness in place and retention metrics on track across your portfolio</li><li>Expansion conversations are embedded in your renewal motion, with upsell opportunities surfaced and pilots guided into paid adoption</li><li>Partners in your portfolio feel genuinely understood and supported; you're hearing referrals and trust signals back</li><li>You're recognized internally as a clear advocate for French-speaking partners, with your insights actively shaping product and GTM conversations</li><li>You're contributing to the team, not just working alongside it</li></ul>Who This Role Is (and Isn't) For<p>This role is built for someone who takes ownership, moves with urgency, and doesn't wait for perfect conditions to act.</p><p>You'll likely thrive here if:</p><ul><li>You take full ownership of outcomes, not just tasks. When something needs to happen, you drive it, and you stay engaged until there's a clear result.</li><li>You're genuinely curious about your partners. You go beyond what's being said to understand what's really going on, and you act on what you find.</li><li>You're comfortable in ambiguity. You've worked in environments where things weren't fully defined and found ways to move forward, communicate clearly, and keep the partner experience from suffering.</li><li>You communicate directly and constructively. You have real examples of resetting expectations, pushing back on unrealistic asks, and delivering difficult news in a way that kept trust intact.</li><li>You connect signals to decisions. When something changes in an account, you don't just notice it; you interpret it, form a point of view, and act on it.</li><li>You talk about your work in terms of partner outcomes. Not just what you did, but what it meant for them and why it mattered.</li></ul><p>This role probably isn't the right fit if:</p><ul><li>You tend to describe activity without reflecting on what it meant or what you learned from it.</li><li>You default to escalating or waiting for direction when things are unclear, rather than forming a point of view and moving forward.</li><li>You rely on a fully defined process or complete data before you feel ready to act.</li><li>Your instinct in difficult conversations is to smooth things over rather than address them directly.</li><li>You prefer a stable, predictable environment where the scope and expectations are well established.</li></ul>What You Bring<p>You've done this kind of work before, whether in customer success, account management, sales, consulting, or implementation, in a high-growth SaaS or professional services environment. What matters most is what you've seen and done, not how long you've been doing it.</p><ul><li>You've directly owned a portfolio of customers, at least 10 at a time, in a medium or high-touch motion.Â </li><li>You've been accountable for retention and growth outcomes, not just activity. You've managed renewals, expansion conversations, and customer health in a meaningful way.</li><li>You've operated with autonomy in a remote environment, without needing to be managed closely to stay effective.</li><li>You're fluent in French and English, genuinely bilingual, not conversational. You've supported French-speaking clients and understand that serving this market is about culture and context, not just translation.</li><li>You've worked with a CRM and/or Customer Success platform. Salesforce and ChurnZero experience is a plus.</li><li>You're available to support customers across North American time zones and can travel to conferences or visit partners at least once per quarter.</li></ul>How We Support You<ul><li>Fair, transparent salary. The hiring salary for this role is $80,000â$85,000 CAD base, plus a $10,000 variable component tied to retention outcomes. The final offer will reflect experience, scope, market alignment, and internal equity.</li><li>Learning that grows with you. A $3,000 annual learning budget to invest in your development.</li><li>Shared success. Access to employee stock options, so you share in the value you help create.</li><li>Remote-first work. Fully remote within Canada, with up to six weeks per year to work internationally.</li><li>Time to rest and reset. Self-directed vacation (most teammates take 4â6 weeks annually), monthly Acuity Days (a collective Friday off), plus a two-week company-wide closure each December.</li><li>Comprehensive care. Health benefits from day one for you and your dependents.</li><li>Future-focused support. A 2% GRSP matching program to help you plan ahead.</li><li>Support for growing families. A 16-week parental leave top-up beyond EI, available to all parents.</li></ul>What Happens After You Apply<p>We review every application carefully, looking for people who are caring, curious, driven, and resilient. Whether you apply directly, are referred, or connect through a recruiter or hiring manager, you'll receive equal consideration.</p><p>We don't use AI to evaluate applications, though you may be automatically screened out if you don't meet baseline requirements (e.g. Canadian residency and valid work authorization). In some interviews, AI may help with note-taking, but all evaluations and decisions are made by real humans.</p><p>Our interviews are two-way conversations. We want to understand your career, abilities, and goals, and help you assess whether this opportunity and team are the right fit for you.</p><p>Steps in the Process</p><p>Our hiring process typically takes 2â4 weeks from initial conversation to final decision.</p><ul><li>Application Review. A real person reviews your application for potential fit.</li><li>Intro Chat. An informal conversation with our recruiter to explore your career path, goals, and what you're looking for, while giving you a chance to learn about Acuity Insights.</li><li>Hiring Manager Conversation. A deeper dive into your customer success experience and approach with the leader who is hiring for this role.</li><li>Team Conversations. You'll meet 1:1 with future teammates to assess alignment and ways of working. One of these conversations will be conducted primarily in French.</li><li>Decision. The hiring manager reviews feedback and typically makes a decision within 2â4 business days.</li><li>Offer &amp; Reference Checks. If it's a match, we move to offer, pending a digital reference check.</li></ul>Life at Acuity Insights<p>We're a remote-first team of 140+ people who care deeply about our work and about each other.</p><p>Our culture is intentionally designed. As we've grown, we've made deliberate choices about how we work together, prioritizing trust, flexibility, and a sustainable pace so people can do meaningful work over the long term.</p><p>That commitment has been recognized externally. Acuity Insights has been named one of Canada's Top Small &amp; Medium Employers for the second consecutive year, reflecting our focus on building a strong, people-first environment.</p><p>Day to day, that shows up in how we collaborate:</p><ul><li>High trust and autonomy in how work gets done</li><li>Thoughtful, async-friendly communication across a distributed team</li><li>Space for deep work, balanced with intentional moments of connection</li><li>A culture grounded in care, curiosity, and shared purpose</li></ul><p>As we continue to grow, we're focused on maintaining that balance, building a company where people can do their best work and grow over time, without losing what makes the environment feel human.</p>About Acuity Insights<p>Acuity Insights builds products that help higher education institutions make better decisions about people, from admissions through to development.</p><p>Our work is grounded in a simple idea: that people are more than their grades, and that potential can be understood and developed, not just measured.</p><p>Our Casper situational judgment test (SJT), created by researchers at McMaster University, has been completed by over 1 million applicants and is one of the most widely used open-response SJTs in higher education, backed by nearly 20 years of research.</p><p>Today, we are evolving our products to better connect assessment, insight, and development, helping institutions not just identify potential, but actively support its growth over time.</p><br/><br/>Please mention the word **PROFICIENT** and tag RMjYwNzpmZWE4Ojg3MWU6OTYwMDo2NTJjOjIzZDk6MzQ5MjplNGY2 when applying to show you read the job post completely (#RMjYwNzpmZWE4Ojg3MWU6OTYwMDo2NTJjOjIzZDk6MzQ5MjplNGY2). This is a beta feature to avoid spam applicants. Companies can search these words to find applicants that read this and see they're human.",Remote/Worldwide,RemoteOK
Data Scientist Claim Experience Analytics,Extend,"Remote, US",0,0,FULLTIME,Remote,"<div><p><strong>About Extend:</strong></p>
<div>
<div>Extend is revolutionizing the post-purchase experience for retailers and their customers by providing merchants with AI-driven solutions that enhance customer satisfaction and drive revenue growth. Our comprehensive platform offers automated customer service handling, seamless returns/exchange management, end-to-end automated fulfillment, and product protection and shipping protection alongside Extend's best-in-class fraud detection. By integrating leading-edge technology with exceptional customer service, Extend empowers businesses to build trust and loyalty among consumers while reducing costs and increasing profits.</div>
<div><br>Today, Extend works with more than 1,000 leading merchant partners across industries, including fashion/apparel, cosmetics, furniture, jewelry, consumer electronics, auto parts, sports and fitness, and much more. Extend is backed by some of the most prominent technology investors in the industry, and our headquarters is in downtown San Francisco.</div>
</div></div><div><p><strong>About the Role:</strong></p>
<p>You will be part of Extend's Claim Experience Analytics team within our centralized Risk, Analytics and Data Science team, focused on balancing the user experience and operational efficiency through process and product enhancements for our end-to-end claim platform. If you're excited about breaking down complexity and ambiguity into quantifiable impact and exploring emerging AI capabilities, you'll thrive on our team.</p>
<p><strong>What You'll Be Doing:</strong></p>
<ul>
<li>Identify high-impact opportunities to improve claim operations, servicing and fulfillment processes by analyzing trends, surfacing gaps, and delivering recommendations to enhance user experience while managing operational costs effectively.&nbsp;</li>
<li>Monitor usage trends and anomalies in claim process, measure impact of new product features, and&nbsp; evaluate and iterate AI driven solutions to optimize agent behaviors and ensure stability of agent interactions&nbsp;&nbsp;</li>
<li>Cultivate a data-driven culture with your skill for storytelling with data, translate analyses into clear, compelling narratives and visualizations that enable informed decision-making across stakeholders.</li>
<li>Partner widely with Analytics, Operations, Product and Engineering to optimize claim intake, adjudication and fulfillment product features for excellent customer experi</div><br/><br/>Please mention the word **GOLD** and tag RMjYwNzpmZWE4Ojg3MWU6OTYwMDo2NTJjOjIzZDk6MzQ5MjplNGY2 when applying to show you read the job post completely (#RMjYwNzpmZWE4Ojg3MWU6OTYwMDo2NTJjOjIzZDk6MzQ5MjplNGY2). This is a beta feature to avoid spam applicants. Companies can search these words to find applicants that read this and see they're human.",Remote/Worldwide,RemoteOK
Biomedical Clinical Engineer Senior,Ibility,Washington DC,0,0,FULLTIME,Remote,"<p><span style=""font-size: 11pt;"">Founded in early 2021, Ibility is a Service-Disabled Veteran-Owned Small Business and a Woman-Owned Small Business, headquartered in Gaithersburg, MD.&nbsp; Ibility is a small but mighty company that is positioned for rapid growth.&nbsp; Simply put, we help government leaders to achieve their mission by designing creative products and programs that delight their customers and make their employees more efficient - building trust and improving overall satisfaction. We use human-centered design principles in every engagement because we believe the end-user is critical to the long-term success of any solution. Our team is fun, passionate, bold, and creative.&nbsp; We live our mission every day â to inspire people, create cool stuff, and make a lasting impact on the world!</span></p><p><br></p><p><strong>Position Overview:</strong></p>
<p>Ibility is looking for a Senior - Biomedical Clinical Engineer who is experienced personnel with demonstrated expertise supporting VHA medical centers and Biomedical Engineering departments. All staff must understand VISN structure, VA medical center operations, and biomedical equipment program management within complex healthcare environments.</p>
<p>&nbsp;</p>
<p><strong style=""font-size: 11pt;"">Please note, this position is contingent upon award (March 2026)</strong></p>\n<p></p><p><br></p><b>Key Responsibilities </b><ul>
<li>Knowledge of concepts related to&nbsp;computer based&nbsp;medical systems, networking protocols, and information security as it applies to medical technology.&nbsp;</li>
<li>Competency in conducting a medical equipment management program that is compliant with applicable healthcare standards and regulatory agencies.&nbsp;</li>
<li>Ability to manage a recall and safety alert program for medical devices, including medical device hazard investigations, to&nbsp;assure&nbsp;compliance with patient safety goals, SMDA, and TJC requirements.&nbsp;</li>
<li>Understanding of regulatory agenciesâ requirements, industry regulatory&nbsp;requirements&nbsp;and International Standard Organization standards&nbsp;</li>
</ul>
<div>&nbsp;</div>
<div><strong>Required Qualifications</strong></div>
<ul>
<li>Masterâs degree in biomedical engineering&nbsp;and Certification as a Clinical Engineer (CCE).&nbsp;</li>
<li>20+ years of hospital and healthcare experience&nbsp;maintaining&nbsp;medical equipment and managing a hospital medical equipment program.&nbsp;</li>
<li>20+ years of experience and skill in communicating and working collaboratively with key stakeholders, including technical and professional staff at various levels of a healthcare organization.&nbsp;</li>
<li>10+ years of&nbsp;expertise&nbsp;in incident investigations involving medical equipment and setting associated national healthcare system guidance.&nbsp;</li>
</ul>
<div>&nbsp;</div>
<div><strong>Preferred Qualifications</strong></div>
<ul>
<li>Experience within a VA medical center and Biomedical Engineering department&nbsp;</li>
<li>Experience working in or with the Veterans Health Administration (VHA)&nbsp;</li>
<li>Understanding of VISN, VA medical center, and Biomedical Engineering department operations</li>
</ul><p><br></p><p></p>\n<div>$120,000 - $140,000 a year</div><small><div>Benefits Include:</div>
<div><span style=""font-size: 11pt;"">â</span><span style=""font-size: 7pt;"">&nbsp;&nbsp;&nbsp;&nbsp;&nbsp;&nbsp;</span><span style=""font-size: 11pt;"">Health, Dental, and Vision Plans</span></div>
<div><span style=""font-size: 11pt;"">â</span><span style=""font-size: 7pt;"">&nbsp;&nbsp;&nbsp;&nbsp;&nbsp;&nbsp;</span><span style=""font-size: 11pt;"">Short Term Disability/Long Term Disability/Life Insurance/Accidental Death and Dismemberment</span></div>
<div><span style=""font-size: 11pt;"">â</span><span style=""font-size: 7pt;"">&nbsp;&nbsp;&nbsp;&nbsp;&nbsp;&nbsp;</span><span style=""font-size: 11pt;"">Health Savings Account</span></div>
<div><span style=""font-size: 11pt;"">â</span><span style=""font-size: 7pt;"">&nbsp;&nbsp;&nbsp;&nbsp;&nbsp;&nbsp;</span><span style=""font-size: 11pt;"">Unlimited Paid Time Off / 11 Federal Holidays Off</span></div>
<div><span style=""font-size: 11pt;"">â</span><span style=""font-size: 7pt;"">&nbsp;&nbsp;&nbsp;&nbsp;&nbsp;&nbsp;</span><span style=""font-size: 11pt;"">401k</span></div></small>\n<p><span style=""font-size: 11pt;"">We are committed to diversity, inclusion, and accessibility.&nbsp; We are an Equal Opportunity Employer in all aspects of employment and do not discriminate for employment because of race, color, sex, age, national origin, religion, sexual orientation, gender identity and/or expression, status as a veteran, and basis of disability or any other federal, state or local protected class.</span></p><br/><br/>Please mention the word **SUPERBLY** and tag RMjYwNzpmZWE4Ojg3MWU6OTYwMDo2NTJjOjIzZDk6MzQ5MjplNGY2 when applying to show you read the job post completely (#RMjYwNzpmZWE4Ojg3MWU6OTYwMDo2NTJjOjIzZDk6MzQ5MjplNGY2). This is a beta feature to avoid spam applicants. Companies can search these words to find applicants that read this and see they're human.",Remote/Worldwide,RemoteOK
Applied Computational Nutrition Scientist,WISEcode,United States,0,0,FULLTIME,Remote,"<p>
</p><p style=""margin: 0in 0in 8pt; line-height: 107%; font-size: 11pt; font-family: Aptos, sans-serif;""><span style=""font-family: Arial, sans-serif;"">At WISEcode, we're a well-funded, dynamic startup. WISEcode makes personalized nutrition a reality based on the facts â what truly is in our food â and marries this data with your preferences. Powered by AI and the worldâs best food and nutrition database, WISEcode embraces the fact that we are all different, have different dietary needs, objectives, and preferences, and should not be at the mercy of market spin or âexpertâ opinion. Every one of us should have the information we need to make the best decisions for ourselves.</span></p>
<h2 style=""break-after: auto; margin: 0in 0in 6pt; line-height: 115%; font-size: 17pt; font-family: Figtree; color: #0324ff;""><strong><span style=""font-size: 10.0pt; line-height: 115%; font-family: Arial, sans-serif; color: #1f1f1f;"">About the Role</span></strong></h2>
<p style=""margin: 0in 0in 12pt; line-height: 115%; font-size: 10pt; font-family: Figtree; color: #1a102c;""><span style=""font-family: Arial, sans-serif; color: #1f1f1f;"">WISEcode is a food tech AI company building the worldâs most comprehensive food data platform. We map 15,000 data points per product to power a scientific logic engine that determines how food is understood.</span></p>
<p style=""margin: 0in 0in 12pt; line-height: 115%; font-size: 10pt; font-family: Figtree; color: #1a102c;""><span style=""font-family: Arial, sans-serif; color: #1f1f1f;"">At the center of this system is the <strong>Code Library</strong>âa growing set of computational models that translate ingredients and nutrients into structured intelligence. As an Applied Computational Nutrition Scientist, you are a model builder. You will use our proprietary Code Builder to explore structures, refine assumptions, and shape the behavior of the system that serves as the ""Bloomberg for Food.""</span></p>
<p style=""margin: 0in 0in 12pt; line-height: 115%; font-size: 10pt; font-family: Figtree; color: #1a102c;""><span style=""font-family: Arial, sans-serif; color: #1f1f1f;"">The <strong>Applied Computational Nutrition Scientist</strong> role represents a fundamental shift in food science: moving away from linear hand-offs between scientists and engineers toward an interactive, rapid modeling loop. The role reports directly to the VP of Science.</span></p>
<h2 style=""break-after: auto; margin: 0in 0in 6pt; line-height: 115%; font-size: 17pt; font-family: Figtree; color: #0324ff;""><strong><span style=""font-size: 10.0pt; line-height: 115%; font-family: Arial, sans-serif; color: #1f1f1f;"">What Youâll Do</span></strong></h2>
<ul style=""margin-top: 0in; margin-bottom: 0in;"">
<li style=""margin: 0in 0in 0in 0px; line-height: 115%; font-size: 10pt; font-family: Figtree; color: #1a102c;""><strong><span style=""font-family: Arial, sans-serif; color: #1f1f1f;"">Scientific Modeling: </span></strong><span style=""font-family: Arial, sans-serif; color: #1f1f1f;"">Design, build, and iterate nutrition codes within our AI-based platform. You will manage the full "" interactive modeling loop"" : Hypothesis <span style=""font-size: 10.0pt; line-height: 115%; font-family: 'Arial Unicode MS'; color: #1f1f1f;"">â</span>Build<span style=""font-size: 10.0pt; line-height: 115%; font-family: 'Arial Unicode MS'; color: #1f1f1f;"">â</span> Evaluate<span style=""font-size: 10.0pt; line-height: 115%; font-family: 'Arial Unicode MS'; color: #1f1f1f;"">â</span> Refine.</span><span style=""font-family: 'Arial Unicode MS'; color: #1f1f1f;"">&nbsp;</span></li>
<li style=""margin: 0in 0in 0in 0px; line-height: 115%; font-size: 10pt; font-family: Figtree; color: #1a102c;""><strong><span style=""font-family: Arial, sans-serif; color: #1f1f1f;"">Logic Architecture:</span></strong><span style=""font-family: Arial, sans-serif; color: #1f1f1f;""> Transition raw food data into structured, interpretable intelligence by exploring model structures, identifying edge cases, and refining scoring assumptions.</span></li>
<li style=""margin: 0in 0in 0in 0px; line-height: 115%; font-size: 10pt; font-family: Figtree; color: #1a102c;""><strong><span style=""font-family: Arial, sans-serif; color: #1f1f1f;"">Library Governance:</span></strong><span style=""font-family: Arial, sans-serif; color: #1f1f1f;""> Own the integrity of the Code Library as a strategic asset. Ensure every model is architected for cross-product consistency and serves as the ""ground truth"" for our AI systems.</span></li>
<li style=""margin: 0in 0in 0in 0px; line-height: 115%; font-size: 10pt; font-family: Figtree; color: #1a102c;""><strong><span style=""font-family: Arial, sans-serif; color: #1f1f1f;"">Iterative Experimentation:</span></strong><span style=""font-family: Arial, sans-serif; color: #1f1f1f;""> Test model variations and interpret AI-generated structures to improve accuracy and real-world relevance.</span></li>
<li style=""margin: 0in 0in 0in 0px; line-height: 115%; font-size: 10pt; font-family: Figtree; color: #1a102c;""><strong><span style=""font-family: Arial, sans-serif; color: #1f1f1f;"">Partner Ecosystems:</span></strong><span style=""font-family: Arial, sans-serif; color: #1f1f1f;""> Lead collaborative code-building sessions with external partners, guiding them through the creation of shared modeling frameworks.</span></li>
<li style=""margin: 0in 0in 12pt 0px; line-height: 115%; font-size: 10pt; font-family: Figtree; color: #1a102c;""><strong><span style=""font-family: Arial, sans-serif; color: #1f1f1f;"">Product Translation:</span></strong><span style=""font-family: Arial, sans-serif; color: #1f1f1f;""> Partner with the Product team to ensure that the scientific logic of our ""Intelligence Layer"" is documented for simplified, high-impact consumer narratives.</span></li>
</ul>
<div style=""line-height: 115%; font-size: 10pt; font-family: Figtree; color: #1a102c; margin: 0in 0in 12pt 0px;"">
<h2 style=""break-after: auto; margin: 0in 0in 6pt; line-height: 115%; font-size: 17pt; font-family: Figtree; color: #0324ff;""><strong><span style=""font-size: 10.0pt; line-height: 115%; font-family: Arial, sans-serif; color: #1f1f1f;"">What Weâre Looking For</span></strong></h2>
<h3 style=""break-after: auto; margin: 0in 0in 6pt; line-height: 115%; font-size: 13pt; font-family: Figtree; color: #91148f; font-weight: normal;""><strong><span style=""font-size: 10.0pt; line-height: 115%; font-family: Arial, sans-serif; color: #1f1f1f;"">Requirements</span></strong></h3>
<ul style=""margin-top: 0in; margin-bottom: 0in;"">
<li style=""margin: 0in 0in 0in 0px; line-height: 115%; font-size: 10pt; font-family: Figtree; color: #1a102c;""><strong><span style=""font-family: Arial, sans-serif; color: #1f1f1f;"">Domain Expertise:</span></strong><span style=""font-family: Arial, sans-serif; color: #1f1f1f;""> BS or MS in Nutrition, Food Science, or a related field with deep ingredient and food processing knowledge.</span></li>
<li style=""margin: 0in 0in 0in 0px; line-height: 115%; font-size: 10pt; font-family: Figtree; color: #1a102c;""><strong><span style=""font-family: Arial, sans-serif; color: #1f1f1f;"">Technical Experience:</span></strong><span style=""font-family: Arial, sans-serif; color: #1f1f1f;""> 2â3 years of experience in a technical, analytical, or data-driven role.</span></li>
<li style=""margin: 0in 0in 0in 0px; line-height: 115%; font-size: 10pt; font-family: Figtree; color: #1a102c;""><strong><span style=""font-family: Arial, sans-serif; color: #1f1f1f;"">Computational Modeling:</span></strong><span style=""font-family: Arial, sans-serif; color: #1f1f1f;""> Strong comfort with math, structured logic, and quantitative decision rules (thresholds, scoring systems, rule-based logic).</span></li>
<li style=""margin: 0in 0in 0in 0px; line-height: 115%; font-size: 10pt; font-family: Figtree; color: #1a102c;""><strong><span style=""font-family: Arial, sans-serif; color: #1f1f1f;"">Platform Fluency:</span></strong><span style=""font-family: Arial, sans-serif; color: #1f1f1f;""> Ability to work within a proprietary computational system, interpreting outputs and refining system behavior.</span></li>
<li style=""margin: 0in 0in 0in 0px; line-height: 115%; font-size: 10pt; font-family: Figtree; color: #1a102c;""><strong><span style=""font-family: Arial, sans-serif; color: #1f1f1f;"">Project Coordination:</span></strong><span style=""font-family: Arial, sans-serif; color: #1f1f1f;""> Proven experience supporting or coordinating projects: staying organized, tracking details, and delivering on time in a team setting.</span></li>
<li style=""margin: 0in 0in 0in 0px; line-height: 115%; font-size: 10pt; font-family: Figtree; color: #1a102c;""><strong><span style=""font-family: Arial, sans-serif; color: #1f1f1f;"">Facilitation &amp; Communication:</span></strong><span style=""font-family: Arial, sans-serif; color: #1f1f1f;""> Strong organization and facilitation skills used to support team projects and help others succeed. You are a collaborative, proactive, and highly reliable communicator.</span></li>
<li style=""margin: 0in 0in 12pt 0px; line-height: 115%; font-size: 10pt; font-family: Figtree; color: #1a102c;""><strong><span style=""font-family: Arial, sans-serif; color: #1f1f1f;"">Mindset:</span></strong><span style=""font-family: Arial, sans-serif; color: #1f1f1f;""> A natural explorer who enjoys identifying edge cases and refining scientific assumptions through rapid iteration.</span></li>
</ul>
<h2 style=""break-after: auto; margin: 0in 0in 6pt; line-height: 115%; font-size: 17pt; font-family: Figtree; color: #0324ff;""><strong><span style=""font-size: 10.0pt; line-height: 115%; font-family: Arial, sans-serif; color: #1f1f1f;"">Successful Profile</span></strong></h2>
<ul style=""margin-top: 0in; margin-bottom: 0in;"">
<li style=""margin: 0in 0in 0in 0px; line-height: 115%; font-size: 10pt; font-family: Figtree; color: #1a102c;""><strong><span style=""font-family: Arial, sans-serif; color: #1f1f1f;"">Model Builder:</span></strong><span style=""font-family: Arial, sans-serif; color: #1f1f1f;""> You thrive on exploring structures and shaping system behavior rather than just following predefined instructions.</span></li>
<li style=""margin: 0in 0in 0in 0px; line-height: 115%; font-size: 10pt; font-family: Figtree; color: #1a102c;""><strong><span style=""font-family: Arial, sans-serif; color: #1f1f1f;"">From Lab to Field:</span></strong><span style=""font-family: Arial, sans-serif; color: #1f1f1f;""> You take complex concepts out of the lab and into the field, ensuring rigorous nutritional math translates into functional utility.</span></li>
<li style=""margin: 0in 0in 0in 0px; line-height: 115%; font-size: 10pt; font-family: Figtree; color: #1a102c;""><strong><span style=""font-family: Arial, sans-serif; color: #1f1f1f;"">The Translator:</span></strong><span style=""font-family: Arial, sans-serif; color: #1f1f1f;""> You have a product-centric mindset, intuitively seeing how a scoring system impacts a B2B dashboard or consumer app.</span></li>
<li style=""margin: 0in 0in 12pt 0px; line-height: 115%; font-size: 10pt; font-family: Figtree; color: #1a102c;""><strong><span style=""font-family: Arial, sans-serif; color: #1f1f1f;"">Operational Excellence:</span></strong><span style=""font-family: Arial, sans-serif; color: #1f1f1f;""> You maintain the highest standards of data integrity while moving with the speed of an interactive modeling environment.</span></li>
</ul>
<div style=""line-height: 115%; font-size: 10pt; font-family: Figtree; color: #1a102c; margin: 0in 0in 12pt 0px;""><span style=""font-family: Arial, sans-serif; color: #1f1f1f;""><em style=""font-size: 10px;"">WISEcode is an equal opportunity employer. Consistent with applicable law, all qualified applicants will receive consideration for employment without regard to age, ancestry, citizenship, color, family or medical care leave, gender identity or expression, genetic information, immigration status, marital status, medical condition, national origin, physical or mental disability, political affiliation, protected veteran or military status, race, ethnicity, religion, sex (including pregnancy), sexual orientation, or any other characteristic protected by applicable local laws, regulations and ordinances. If you need assistance and/or a reasonable accommodation due to a disability during the application process, please send a request to WISEcode Human Resources at jobs@wisec</em><span style=""font-size: 10px;"">ode.ai.</span></span><p></p>
<p></p>
<p></p>\n<p></p><p><br></p><p></p>\n</div></div><br/><br/>Please mention the word **HOPEFUL** and tag RMjYwNzpmZWE4Ojg3MWU6OTYwMDo2NTJjOjIzZDk6MzQ5MjplNGY2 when applying to show you read the job post completely (#RMjYwNzpmZWE4Ojg3MWU6OTYwMDo2NTJjOjIzZDk6MzQ5MjplNGY2). This is a beta feature to avoid spam applicants. Companies can search these words to find applicants that read this and see they're human.",Remote/Worldwide,RemoteOK
Staff Machine Learning Engineer,Fullscript,,0,0,FULLTIME,Remote,"<p><b><span style=""font-size: 18px"">About Fullscript</span></b></p><p><br></p><p>Weâre an industry-leading health technology company on a mission to help people get better. We started in 2011 with one simple idea. Make it easier for practitioners to access the products they trust so they can deliver better care.</p><p><br></p><p>That simple idea grew into a platform that powers every part of care. Today, more than 125,000 practitioners use Fullscript for clinical insights, lab interpretations, patient analytics, education, and access to high-quality supplements. Over 10 million patients rely on Fullscript to stay connected to their care plans and follow through on treatment.</p><p><br></p><p>We build tools that make care smarter and more human. Tools that save time, simplify decisions, and help practitioners stay closely connected to the people they care for. When everything they need is in one place, they can focus on what matters most: <i>helping people get better.</i></p><p><br></p><p><b><span style=""font-size: 16px"">This is your invitation.</span></b></p><p><br></p><p>Bring your ideas, your grit, and your care for people.</p><p>Join us and shape the future of care.</p><p><br></p><h4 data-start=""692"" data-end=""973"">The role</h4>
<p data-start=""692"" data-end=""973"">Weâre hiring a&nbsp;<strong data-start=""707"" data-end=""742"">Staff Machine Learning Engineer</strong> to join our AI team and help shape the next generation of Fullscriptâs AI-powered experiences. Youâll work on building innovative AI capabilities that help clinicians provide better services and help patients improve their health.</p>
<p data-start=""975"" data-end=""1449"">This is a senior individual contributor role for someone who can go beyond implementation. In addition to building high-quality systems, youâll help define technical direction, guide architecture decisions, and identify where AI can create meaningful value in clinical workflows. Youâll work with a high degree of autonomy and partner closely with engineering, product, analytics, and medical stakeholders to deliver scalable, reliable, and clinically useful AI experiences.<br><br></p>
<h4 data-section-id=""c1ec1s"" data-start=""1451"" data-end=""1468"">What you'll do</h4>
<ul data-start=""1470"" data-end=""2839"">
<li data-section-id=""1xzxkya"" data-start=""1470"" data-end=""1706"">Lead the design, development, and deployment of production, multi-turn LLM-powered features, including summarization tools and clinician-facing conversational agents that support follow-up questions and reasoning over clinical context</li>
<li data-section-id=""h6s8z1"" data-start=""1707"" data-end=""1828"">Own backend services in Python that integrate LLM agents with Fullscriptâs platform and support reliable production use</li>
<li data-section-id=""1hyqy5u"" data-start=""1829"" data-end=""1959"">Help define technical direction for prompting, grounding, safety, and orchestration strategies used across clinical AI workflows</li>
<li data-section-id=""1iio8yp"" data-start=""1960"" data-end=""2098"">Establish and improve evaluation approaches for LLM outputs, including accuracy, hallucinations, edge cases, and overall feature quality</li>
<li data-section-id=""jwtxud"" data-start=""2099"" data-end=""2217"">Shape engineering patterns for model-related workflows, including testing, CI/CD, observability, and version control</li>
<li data-section-id=""goaseg"" data-start=""2218"" data-end=""2376"">Partner with medical, product, and engineering teams to identify high-value opportunities for AI and turn them into practical, scalable product capabilities</li>
<li data-section-id=""1bk71w8"" data-start=""2377"" data-end=""2532"">Work cross-functionally with engineering, analytics, and medical SMEs to refine requirements and ensure data and system design support clinical use cases</li>
<li data-section-id=""ft60w"" data-start=""2533"" data-end=""2697"">Provide technical leadership across projects by creating clarity in ambiguous problem spaces, guiding tradeoff decisions, and raising the quality bar for the team</li>
<li data-section-id=""1k7aktt"" data-start=""2698"" data-end=""2839"">Stay current with the latest LLM research and emerging AI technologies, and help assess where they can be applied effectively at Fullscript<br><br></li>
</ul>
<h4 data-section-id=""1dgcgv4"" data-start=""2841"" data-end=""2871"">What you bring to the table</h4>
<ul data-start=""2873"" data-end=""4292"">
<li data-section-id=""1wh3598"" data-start=""2873"" data-end=""3079"">6+ years of experience building and implementing machine learning applications in production, including meaningful experience with LLM-powered agents, conversational experiences, or agent-based workflows</li>
<li data-section-id=""1n0yo2c"" data-start=""3080"" data-end=""3212"">A track record of owning complex technical problems end to end and shaping implementation beyond your immediate code contributions</li>
<li data-section-id=""2jbvqh"" data-start=""3213"" data-end=""3361"">Experience designing and deploying AI systems that answer open-ended questions, support follow-up interactions, and operate reliably in production</li>
<li data-section-id=""1tpncuq"" data-start=""3362"" data-end=""3520"">Strong experience with LLM application frameworks and tooling, such as LangChain, LangGraph, or similar orchestration and RAG frameworks</li>
<li data-section-id=""1exlqwc"" data-start=""3521"" data-end=""3640"">Familiarity with evaluation and monitoring frameworks for LLM outputs, conversational quality, and system reliability</li>
<li data-section-id=""1xld0ar"" data-start=""3641"" data-end=""3747"">Knowledge of MCP, agent orchestration patterns, or related approaches for building multi-step AI systems</li>
<li data-section-id=""1k6bmtw"" data-start=""3748"" data-end=""3786"">Strong proficiency in Python and SQL</li>
<li data-section-id=""c0tci1"" data-start=""3917"" data-end=""4044"">Experience making sound technical decisions around quality, safety, maintainability, and scalability in production AI systems</li>
<li data-section-id=""oleovz"" data-start=""4045"" data-end=""4178"">Strong communication and collaboration skills, with the ability to work effectively across technical and non-technical stakeholders<br><br></li>
</ul>
<h4 data-section-id=""1wqw1g6"" data-start=""4294"" data-end=""4314"">Bonus if you have</h4>
<ul data-start=""4316"" data-end=""4825"">
<li data-section-id=""108jx6b"" data-start=""4316"" data-end=""4426"">Experience defining technical direction for AI or machine learning systems across multiple projects or teams</li>
<li data-section-id=""1pxbuhc"" data-start=""4427"" data-end=""4522"">Experience building clinician-facing, healthcare-adjacent, or other high-trust AI experiences</li>
<li data-section-id=""5umokz"" data-start=""4523"" data-end=""4621"">Experience with recommendation systems, personalization, or other applied ML systems beyond LLMs</li>
<li data-section-id=""1sk0nuv"" data-start=""4622"" data-end=""4712"">Experience with modern retrieval, grounding, or evaluation patterns for LLM applications</li>
<li data-section-id=""5kypre"" data-start=""4713"" data-end=""4825"">Experience working closely with domain experts to build systems in complex or highly contextual problem spaces<br><br></li>
</ul>
<h4 data-qa=""preview-list-item-3-text"">What we can offer you:</h4>
<p>
</p><div data-qa=""preview-list-item-3-content"">
<ul>
<li style=""list-style-type: revert;"">SalaryFlexible PTO &amp; competitive payârest fuels performance.</li>
<li style=""list-style-type: revert;"">RRSP match &amp; stock optionsâinvest in your future.</li>
<li style=""list-style-type: revert;"">Customizable benefitsâflexible coverage, paramedical services, and an HSA.</li>
<li style=""list-style-type: revert;"">Fullscript discountsâsave on wellness products.</li>
<li style=""list-style-type: revert;"">Continuous learningâtraining budget + company-wide initiatives.</li>
<li style=""list-style-type: revert;"">Wherever You Work Wellâhybrid and remote flexibility.</li>
</ul>
<p></p>
<p></p>\n<p></p><p><br></p><p></p>\n<p><span style=""font-size: 18px""><b>Why Fullscript</b></span></p><p><br></p><p>Great work happens when people feel supported, trusted, and inspired. At Fullscript, we stay curious and keep finding smarter ways to make care better. We grow together, take on new challenges, and focus on impact. We put people first, work as a team, and leave egos at the door.</p><p><br></p><p><span style=""font-size: 18px""><b>What to Know Before You Apply</b></span></p><p><br></p><p>Weâre grateful for the interest in joining Fullscript. To make sure your application reaches our hiring team, please apply directly through our careers page. Weâre not able to respond to individual messages about open roles on email or social channels.</p><p><br></p><p>Fullscript is an equal opportunity employer committed to creating an inclusive workplace. Accommodations are available upon request at accommodations@fullscript.com.</p><p><br></p><p>All offers are contingent on successful background checks conducted in compliance with federal, state, and provincial laws.</p><p><br></p><p>We use AI tools to support parts of the hiring process, including screening and reviewing responses. Final hiring decisions are always made by people and follow all applicable privacy and employment laws in Canada and the U.S.</p><p><br></p><p><span style=""font-size: 18px""><b>Learn More</b></span></p><p><br></p><p><a href=""http://www.fullscript.com/"">www.fullscript.com</a></p><p><a href=""https://www.instagram.com/fullscripthq/?hl=en"">@fullscriptHQ</a> on instagram</p><p><a href=""https://youtu.be/ebcF2Vz3xf8"">Letâs make healthcare whole</a>&nbsp;</p><p><br></p></div><br/><br/>Please mention the word **HEADWAY** and tag RMjYwNzpmZWE4Ojg3MWU6OTYwMDo2NTJjOjIzZDk6MzQ5MjplNGY2 when applying to show you read the job post completely (#RMjYwNzpmZWE4Ojg3MWU6OTYwMDo2NTJjOjIzZDk6MzQ5MjplNGY2). This is a beta feature to avoid spam applicants. Companies can search these words to find applicants that read this and see they're human.",Remote/Worldwide,RemoteOK
Senior Staff Data Engineer,SmithRx,Remote,0,0,FULLTIME,Remote,"<p><strong>Who We Are:</strong></p>
<p>SmithRx is a rapidly growing, venture-backed Health-Tech company.&nbsp; Our mission is to disrupt the expensive and inefficient Pharmacy Benefit Management (PBM) sector by building a next-generation drug acquisition platform driven by cutting edge technology, innovative cost saving tools, and best-in-class customer service.&nbsp; With hundreds of thousands of members onboarded since 2016, SmithRx has a solution that is resonating with clients all across the country.</p>
<p>We pride ourselves for our mission-driven and collaborative culture that inspires our employees to do their best work. We believe that the U.S healthcare system is in need of transformation, and we come to work each day dedicated to making that change a reality. At our core, we are guided by our company values:</p>
<ul>
<li><strong>Integrity:</strong> Our purpose guides our actions and gives us confidence in the path ahead. With unwavering honesty and dependability, we embrace the pressure of challenging the old and exemplify ethical leadership to create the new.</li>
<li><strong>Courage:</strong> We face continuous challenges with grit and resilience. We embrace the discomfort of the unknown by balancing autonomy with empathy, and ownership with vulnerability. We boldly challenge the status quo to keep moving forwardâalways.</li>
<li><strong>Together: </strong>The success of SmithRx reflects the strength of our partnerships and the commitment of our team. Our shared values bind us together and make us one. When one falls, we all fall; when one rises, we all rise.</li>
</ul>
<p><strong>Job Summary:</strong></p>
<p>On the Data Engineering team, we transform streams of data into insights that solve real-world Pharmacy Benefits Management (PBM) challenges. We empower our Data Analytics and Machine Learning teams to make drug pricing transparent and easy to understand. We deliver business impact by designing, implementing, and maintaining distributed systems to collect, aggregate, and govern pharmaceutical data. We leverage open-source tools like Airflow and DBT built on top of industry-leading data warehou</p><br/><br/>Please mention the word **CAPTIVATE** and tag RMjYwNzpmZWE4Ojg3MWU6OTYwMDo2NTJjOjIzZDk6MzQ5MjplNGY2 when applying to show you read the job post completely (#RMjYwNzpmZWE4Ojg3MWU6OTYwMDo2NTJjOjIzZDk6MzQ5MjplNGY2). This is a beta feature to avoid spam applicants. Companies can search these words to find applicants that read this and see they're human.",Remote/Worldwide,RemoteOK
AI Data Specialist,micro1,,60000,150000,FULLTIME,Remote,"<div class=""flex gap-1 flex-wrap mt-4""><div class=""job-html""><div class=""ql-editor""><div class=""flex w-full max-w-[51vw] flex-col items-start gap-6 pb-10""><div class=""flex flex-col items-start gap-[23px] w-full""><div class=""flex flex-col items-start gap-[25px] w-full""><div class=""w-full rounded-2xl mobile:rounded-lg mobile:py-4""><div class=""flex gap-1 flex-wrap mt-4""><div class=""job-html""><div class=""ql-editor""><p><strong>Job Type:</strong>Â Contract</p><p><strong>Location:</strong>Â Remote</p><p><strong>Job Summary:</strong></p><p>Join our customer's team as an AI Data Specialist, contributing to the development and improvement of cutting-edge AI systems. In this role, you will work closely with data and AI workflows to ensure high-quality outputs that power machine learning models. This is an ideal opportunity for detail-oriented generalists who are curious about technology and excited to work at the intersection of data and AI.</p><p><strong>Key Responsibilities:</strong></p><ol><li>Work with different types of data to support AI and machine learning workflows</li><li>Review, evaluate, and improve data quality to ensure reliable model performance</li><li>Follow guidelines and processes to maintain consistency across tasks</li><li>Collaborate with cross-functional teams to understand project requirements and provide feedback</li><li>Identify patterns, inconsistencies, and opportunities for process improvements</li><li>Organize and manage data efficiently, maintaining clear documentation</li><li>Meet deadlines while maintaining a high standard of accuracy and quality</li></ol><p><strong>Required Skills and Qualifications:</strong></p><ol><li>Strong attention to detail and problem-solving skills</li><li>Good written and verbal communication skills</li><li>Generalist mindset with interest in AI, data, or technology</li><li>Ability to work independently in a remote environment</li><li>Basic familiarity with structured data (e.g., JSON) is a plus, not mandatory</li><li>Strong organizational and time management skills</li></ol></div></div></div></div></div></div></div><div class=""flex flex-col gap-2 max-w-[465px] sticky top-6 mb-2""><div class=""flex flex-col items-start px-5 py-[21px] gap-[14px] rounded-[10px] bg-[#F1F2FB]""><div class=""flex flex-col gap-[15px] items-start mobile:max-w-full mobile:text-sm h-full max-h-[calc(100dvh-38px)] z-[999] min-h-0""></div></div></div></div></div></div><br/><br/>Please mention the word **EXCELENT** and tag RMjYwNzpmZWE4Ojg3MWU6OTYwMDo2NTJjOjIzZDk6MzQ5MjplNGY2 when applying to show you read the job post completely (#RMjYwNzpmZWE4Ojg3MWU6OTYwMDo2NTJjOjIzZDk6MzQ5MjplNGY2). This is a beta feature to avoid spam applicants. Companies can search these words to find applicants that read this and see they're human.",Remote/Worldwide,RemoteOK
VP Data Engineering,Consumer Edge,New York,0,0,FULLTIME,Remote,"<p><em><strong>This role is remote (US-based; east coast preferred)</strong></em></p>
<p><strong>Company Overview</strong></p>
<p>Join a dynamic team that's redefining consumer data analytics. We empower top investment firms and global consumer and corporate brands with cutting-edge insights into consumer spending, leveraging privacy-compliant data across geographies. Our real-time intelligence and merchant-level benchmarks give clients a competitive edgeâand you'll be at the forefront of it all.</p>
<p><strong>Role Summary</strong></p>
<p>We're looking for a seasoned <strong>VP of Data Engineering</strong> to lead our data engineering team and take ownership of the infrastructure that powers everything we do. Because data <em>is</em> our business, this role carries significant weight: the reliability, scalability, and quality of our data pipelines directly impacts our customers and our revenue.</p>
<p>You'll manage ~15 engineers across 3 data engineering teams, set technical direction across our GCP-based data platform, and work closely with data operations, product, and commercial teams to ensure we can continuously ingest, process, and deliver alternative datasets at scale â with the rigour that financial services clients demand.</p>
<p><strong>Your Main Responsibilities</strong></p>
<p><strong>Team Leadership</strong></p>
<ul>
<li>Lead, mentor, and grow a team of data engineers, building a culture of ownership, craft, and continuous improvement</li>
<li>Own hiring, onboarding, and performance management for the data engineering function</li>
<li>Act as a technical role model â setting high standards while remaining approachable and supportive</li>
</ul>
<p><strong>Data Platform &amp; Infrastructure</strong></p>
<ul>
<li>Own the architecture, reliability, and evolution of our GCP data platform â including BigQuery, Cloud Composer/Airflow, Dataflow, Pub/Sub, and GCS</li>
<li>Design and maintain robust, scalable pipelines for ingesting, transforming, and serving diverse alternative datasets (web, CPG, transaction data, etc.)</li>
<li>Drive infrastructure best pr<br/><br/>Please mention the word **IDYLLIC** and tag RMjYwNzpmZWE4Ojg3MWU6OTYwMDo2NTJjOjIzZDk6MzQ5MjplNGY2 when applying to show you read the job post completely (#RMjYwNzpmZWE4Ojg3MWU6OTYwMDo2NTJjOjIzZDk6MzQ5MjplNGY2). This is a beta feature to avoid spam applicants. Companies can search these words to find applicants that read this and see they're human.",Remote/Worldwide,RemoteOK
Principal Data Engineer,Waymark,,0,0,FULLTIME,Remote,"About Waymark

Waymark is a mission-driven team of healthcare providers, technologists, and builders working to transform care for people with Medicaid benefits. Our community-based care teamsâpowered by proprietary data science and ML technologiesâsupport care for tens of thousands of Medicaid members across multiple states, driving measurable reductions in avoidable emergency department visits and hospitalizations. We're designing tools and systems that bring care directly to those who need it mostâremoving barriers and reimagining what's possible in Medicaid healthcare delivery and we are seeking a highly experienced Data Engineer to join this mission.

This is a principal-level individual contributor role who combines deep backend engineering fundamentals with specialized expertise in Electronic Health Record (EHR) data integration. You will report to data engineering leadership and setting the technical direction for our clinical data platform by leading the design, development, and optimization of data pipelines that ingest, normalize, and transform clinical data from diverse EHR and payer systems.

If this resonates with you, we invite you to bring your creativity, energy, and curiosity to Waymark.

Key Responsibilities

EHR & Partner Integrations

Architect production-grade data pipelines that integrate clinical data through multiple channelsâdirect EHR connections (e.g., Epic, Cerner, Athenahealth), health information exchanges (HIEs), health alliance networks, and third-party integration vendorsâvia <br/><br/>Please mention the word **RIGHTEOUSLY** and tag RMjYwNzpmZWE4Ojg3MWU6OTYwMDo2NTJjOjIzZDk6MzQ5MjplNGY2 when applying to show you read the job post completely (#RMjYwNzpmZWE4Ojg3MWU6OTYwMDo2NTJjOjIzZDk6MzQ5MjplNGY2). This is a beta feature to avoid spam applicants. Companies can search these words to find applicants that read this and see they're human.",Remote/Worldwide,RemoteOK
Site Reliability Engineer US West,MinIO,,0,0,FULLTIME,Remote,"MinIO is the industry leader in high-performance object storage and the company behind the worldâs fastest, most widely deployed object store, powering production infrastructure for more than half of the Fortune 500, including 9 of the 10 largest global automakers and all 10 of the largest U.S. banks. Our enterprise offering, AIStor, is engineered to handle the scale, speed, and pressure of modern AI and analytics, from terabytes to exabytes, all in a single namespace.

As a Site Reliability Engineer, you will work closely with customers as well as the engineering team on enhancing, optimizing, validating and automating our cloud-native storage platform. Your role will be a mix of DevOps and software engineering to assure that MinIo is delivering a very high quality product with high-performance, scalability and durability to enable seamless data storage and retrieval for demanding workloads for customers.

This role requires deep expertise in DevOps practices, SRE, systems programming, distributed computing, and storage architectures. You will work closely with a world-class team of engineers to push the boundaries of object storage performance and reliability.

What You Will Do:
- Enhance, optimize, validate and automate core MinIO software for performance, scalability, and security.
- Help building and delivering high-performance distributed storage solutions with a focus on cloud-native architectures.
- Validate the MinIO Software according to customer environment and requirements, ensuring no surprises are observed at customer deployments.
- Improve existing features, fix critical issues, and contribute to open-source repositories.
- Collaborate with other engineers to refine architecture, APIs, and integrations.
- Write efficient, well-documented, and maintainable code.
- Conduct performance benchmarking and debugging of complex storage environments.
- Work closely with customers to address issues, and manage expectations.

Your Skills and Experience:<br/><br/>Please mention the word **LIGHTER** and tag RMjYwNzpmZWE4Ojg3MWU6OTYwMDo2NTJjOjIzZDk6MzQ5MjplNGY2 when applying to show you read the job post completely (#RMjYwNzpmZWE4Ojg3MWU6OTYwMDo2NTJjOjIzZDk6MzQ5MjplNGY2). This is a beta feature to avoid spam applicants. Companies can search these words to find applicants that read this and see they're human.",Remote/Worldwide,RemoteOK
